--------------------------------------------------------
--  File created - Sunday-April-12-2020   
--------------------------------------------------------
REM INSERTING into EMPLEADOS.CARGO
SET DEFINE OFF;
Insert into EMPLEADOS.CARGO (IDCARGO,NOMBRECARGO,SUELDOBASE) values (1,'Administrador',15000);
Insert into EMPLEADOS.CARGO (IDCARGO,NOMBRECARGO,SUELDOBASE) values (2,'Vendedor',10000);
Insert into EMPLEADOS.CARGO (IDCARGO,NOMBRECARGO,SUELDOBASE) values (3,'Gerente',30000);
Insert into EMPLEADOS.CARGO (IDCARGO,NOMBRECARGO,SUELDOBASE) values (4,'Marketing',9500);
Insert into EMPLEADOS.CARGO (IDCARGO,NOMBRECARGO,SUELDOBASE) values (5,'Recursos_Humanos',15000);
Insert into EMPLEADOS.CARGO (IDCARGO,NOMBRECARGO,SUELDOBASE) values (6,'Gerente_Log??stica',27000);
Insert into EMPLEADOS.CARGO (IDCARGO,NOMBRECARGO,SUELDOBASE) values (7,' Gerente_TI',29000);
Insert into EMPLEADOS.CARGO (IDCARGO,NOMBRECARGO,SUELDOBASE) values (8,'Gerente_Comercial',26000);
Insert into EMPLEADOS.CARGO (IDCARGO,NOMBRECARGO,SUELDOBASE) values (9,'Comunicaciones ',33000);
Insert into EMPLEADOS.CARGO (IDCARGO,NOMBRECARGO,SUELDOBASE) values (10,'Servicios',13000);
REM INSERTING into EMPLEADOS.CARGO_X_EMPLEADO
SET DEFINE OFF;
Insert into EMPLEADOS.CARGO_X_EMPLEADO (IDEMPLEADO,IDCARGO,FECHANOMBRAMIENTO,FECHAFIN) values (1,1,to_date('12-FEB-18','DD-MON-RR'),to_date('12-FEB-20','DD-MON-RR'));
Insert into EMPLEADOS.CARGO_X_EMPLEADO (IDEMPLEADO,IDCARGO,FECHANOMBRAMIENTO,FECHAFIN) values (2,2,to_date('01-FEB-18','DD-MON-RR'),to_date('01-FEB-20','DD-MON-RR'));
Insert into EMPLEADOS.CARGO_X_EMPLEADO (IDEMPLEADO,IDCARGO,FECHANOMBRAMIENTO,FECHAFIN) values (3,3,to_date('05-FEB-18','DD-MON-RR'),to_date('05-FEB-20','DD-MON-RR'));
Insert into EMPLEADOS.CARGO_X_EMPLEADO (IDEMPLEADO,IDCARGO,FECHANOMBRAMIENTO,FECHAFIN) values (2,2,to_date('01-FEB-18','DD-MON-RR'),to_date('01-FEB-20','DD-MON-RR'));
Insert into EMPLEADOS.CARGO_X_EMPLEADO (IDEMPLEADO,IDCARGO,FECHANOMBRAMIENTO,FECHAFIN) values (3,3,to_date('05-FEB-18','DD-MON-RR'),to_date('05-FEB-20','DD-MON-RR'));
Insert into EMPLEADOS.CARGO_X_EMPLEADO (IDEMPLEADO,IDCARGO,FECHANOMBRAMIENTO,FECHAFIN) values (5,4,to_date('11-NOV-09','DD-MON-RR'),to_date('11-NOV-11','DD-MON-RR'));
Insert into EMPLEADOS.CARGO_X_EMPLEADO (IDEMPLEADO,IDCARGO,FECHANOMBRAMIENTO,FECHAFIN) values (6,5,to_date('02-SEP-12','DD-MON-RR'),to_date('03-JAN-13','DD-MON-RR'));
Insert into EMPLEADOS.CARGO_X_EMPLEADO (IDEMPLEADO,IDCARGO,FECHANOMBRAMIENTO,FECHAFIN) values (7,6,to_date('10-FEB-11','DD-MON-RR'),to_date('09-FEB-12','DD-MON-RR'));
Insert into EMPLEADOS.CARGO_X_EMPLEADO (IDEMPLEADO,IDCARGO,FECHANOMBRAMIENTO,FECHAFIN) values (8,7,to_date('09-APR-13','DD-MON-RR'),to_date('08-JUN-15','DD-MON-RR'));
Insert into EMPLEADOS.CARGO_X_EMPLEADO (IDEMPLEADO,IDCARGO,FECHANOMBRAMIENTO,FECHAFIN) values (9,8,to_date('02-MAR-16','DD-MON-RR'),to_date('06-JUL-19','DD-MON-RR'));
Insert into EMPLEADOS.CARGO_X_EMPLEADO (IDEMPLEADO,IDCARGO,FECHANOMBRAMIENTO,FECHAFIN) values (10,9,to_date('08-MAY-15','DD-MON-RR'),to_date('04-FEB-18','DD-MON-RR'));
Insert into EMPLEADOS.CARGO_X_EMPLEADO (IDEMPLEADO,IDCARGO,FECHANOMBRAMIENTO,FECHAFIN) values (4,10,to_date('04-SEP-19','DD-MON-RR'),to_date('01-JUL-20','DD-MON-RR'));
REM INSERTING into EMPLEADOS.DEDUCCION
SET DEFINE OFF;
Insert into EMPLEADOS.DEDUCCION (IDDEDUCCION,FECHAINICIO,FECHAFIN,VALOR,IDTIPODEDUCCION) values (1,to_date('10-AUG-17','DD-MON-RR'),to_date('10-AUG-19','DD-MON-RR'),5000,2);
Insert into EMPLEADOS.DEDUCCION (IDDEDUCCION,FECHAINICIO,FECHAFIN,VALOR,IDTIPODEDUCCION) values (2,to_date('15-JAN-16','DD-MON-RR'),to_date('15-JAN-18','DD-MON-RR'),300,3);
Insert into EMPLEADOS.DEDUCCION (IDDEDUCCION,FECHAINICIO,FECHAFIN,VALOR,IDTIPODEDUCCION) values (3,to_date('22-MAR-18','DD-MON-RR'),to_date('22-MAY-20','DD-MON-RR'),500,4);
Insert into EMPLEADOS.DEDUCCION (IDDEDUCCION,FECHAINICIO,FECHAFIN,VALOR,IDTIPODEDUCCION) values (4,to_date('15-APR-15','DD-MON-RR'),to_date('15-SEP-18','DD-MON-RR'),200,5);
Insert into EMPLEADOS.DEDUCCION (IDDEDUCCION,FECHAINICIO,FECHAFIN,VALOR,IDTIPODEDUCCION) values (5,to_date('12-FEB-18','DD-MON-RR'),to_date('12-FEB-20','DD-MON-RR'),2000,1);
Insert into EMPLEADOS.DEDUCCION (IDDEDUCCION,FECHAINICIO,FECHAFIN,VALOR,IDTIPODEDUCCION) values (6,to_date('18-NOV-14','DD-MON-RR'),to_date('18-OCT-17','DD-MON-RR'),800,6);
Insert into EMPLEADOS.DEDUCCION (IDDEDUCCION,FECHAINICIO,FECHAFIN,VALOR,IDTIPODEDUCCION) values (7,to_date('25-AUG-12','DD-MON-RR'),to_date('25-AUG-15','DD-MON-RR'),1200,7);
Insert into EMPLEADOS.DEDUCCION (IDDEDUCCION,FECHAINICIO,FECHAFIN,VALOR,IDTIPODEDUCCION) values (8,to_date('17-MAR-19','DD-MON-RR'),to_date('17-MAR-20','DD-MON-RR'),150,8);
Insert into EMPLEADOS.DEDUCCION (IDDEDUCCION,FECHAINICIO,FECHAFIN,VALOR,IDTIPODEDUCCION) values (9,to_date('15-FEB-15','DD-MON-RR'),to_date('15-MAY-18','DD-MON-RR'),200,9);
Insert into EMPLEADOS.DEDUCCION (IDDEDUCCION,FECHAINICIO,FECHAFIN,VALOR,IDTIPODEDUCCION) values (10,to_date('16-MAY-18','DD-MON-RR'),to_date('16-MAY-19','DD-MON-RR'),600,10);
REM INSERTING into EMPLEADOS.DEDUCCION_X_EMPLEADO
SET DEFINE OFF;
Insert into EMPLEADOS.DEDUCCION_X_EMPLEADO (FECHA,ESTADO,IDEMPLEADO,IDDEDUCCION) values (to_date('12-FEB-18','DD-MON-RR'),'f',3,5);
Insert into EMPLEADOS.DEDUCCION_X_EMPLEADO (FECHA,ESTADO,IDEMPLEADO,IDDEDUCCION) values (to_date('12-AUG-18','DD-MON-RR'),'p',4,6);
Insert into EMPLEADOS.DEDUCCION_X_EMPLEADO (FECHA,ESTADO,IDEMPLEADO,IDDEDUCCION) values (to_date('12-SEP-17','DD-MON-RR'),'f',5,7);
Insert into EMPLEADOS.DEDUCCION_X_EMPLEADO (FECHA,ESTADO,IDEMPLEADO,IDDEDUCCION) values (to_date('12-DEC-18','DD-MON-RR'),'p',6,8);
Insert into EMPLEADOS.DEDUCCION_X_EMPLEADO (FECHA,ESTADO,IDEMPLEADO,IDDEDUCCION) values (to_date('12-FEB-16','DD-MON-RR'),'f',7,9);
Insert into EMPLEADOS.DEDUCCION_X_EMPLEADO (FECHA,ESTADO,IDEMPLEADO,IDDEDUCCION) values (to_date('12-APR-15','DD-MON-RR'),'p',8,10);
Insert into EMPLEADOS.DEDUCCION_X_EMPLEADO (FECHA,ESTADO,IDEMPLEADO,IDDEDUCCION) values (to_date('12-FEB-14','DD-MON-RR'),'f',9,1);
Insert into EMPLEADOS.DEDUCCION_X_EMPLEADO (FECHA,ESTADO,IDEMPLEADO,IDDEDUCCION) values (to_date('12-MAY-17','DD-MON-RR'),'p',10,2);
Insert into EMPLEADOS.DEDUCCION_X_EMPLEADO (FECHA,ESTADO,IDEMPLEADO,IDDEDUCCION) values (to_date('12-MAR-18','DD-MON-RR'),'f',1,3);
Insert into EMPLEADOS.DEDUCCION_X_EMPLEADO (FECHA,ESTADO,IDEMPLEADO,IDDEDUCCION) values (to_date('12-JAN-20','DD-MON-RR'),'p',2,4);
REM INSERTING into EMPLEADOS.EMPLEADO
SET DEFINE OFF;
Insert into EMPLEADOS.EMPLEADO (IDEMPLEADO,PNOMBRE,SNOMBRE,PAPELLIDO,DIRECCION,TELEFONO,CELULAR,INCREMENTOSUELDO) values (1,'Ariadna','Andrea','Perez','Col.Kennedy','2221-4567','991934-45',5000);
Insert into EMPLEADOS.EMPLEADO (IDEMPLEADO,PNOMBRE,SNOMBRE,PAPELLIDO,DIRECCION,TELEFONO,CELULAR,INCREMENTOSUELDO) values (2,'Alejandra','Ines','Garcia','Col.Pedregal','2231-6678','994944-55',6000);
Insert into EMPLEADOS.EMPLEADO (IDEMPLEADO,PNOMBRE,SNOMBRE,PAPELLIDO,DIRECCION,TELEFONO,CELULAR,INCREMENTOSUELDO) values (3,'Maria','Jos??','Guti??rrez','Col.Proceres','2221-4192','992766-27',8000);
Insert into EMPLEADOS.EMPLEADO (IDEMPLEADO,PNOMBRE,SNOMBRE,PAPELLIDO,DIRECCION,TELEFONO,CELULAR,INCREMENTOSUELDO) values (4,'Ana','Maria','Martinez','Col.Lomas','2332-4554','98877665',1000);
Insert into EMPLEADOS.EMPLEADO (IDEMPLEADO,PNOMBRE,SNOMBRE,PAPELLIDO,DIRECCION,TELEFONO,CELULAR,INCREMENTOSUELDO) values (5,'Pedro','Jose','Caceres','Col.Las Colinas','2112-3445','99180909',900);
Insert into EMPLEADOS.EMPLEADO (IDEMPLEADO,PNOMBRE,SNOMBRE,PAPELLIDO,DIRECCION,TELEFONO,CELULAR,INCREMENTOSUELDO) values (6,'Carlos','ALfonso','Herrera','Col.Trinidad','2134-5678','98234567',8000);
Insert into EMPLEADOS.EMPLEADO (IDEMPLEADO,PNOMBRE,SNOMBRE,PAPELLIDO,DIRECCION,TELEFONO,CELULAR,INCREMENTOSUELDO) values (7,'Sara','Sofia','Hernandez','Col.Minas','2123-5667','34567890',244);
Insert into EMPLEADOS.EMPLEADO (IDEMPLEADO,PNOMBRE,SNOMBRE,PAPELLIDO,DIRECCION,TELEFONO,CELULAR,INCREMENTOSUELDO) values (8,'Angela','Luz','Banegas','Col.Miramontes','2109-8765','90876543',9832);
Insert into EMPLEADOS.EMPLEADO (IDEMPLEADO,PNOMBRE,SNOMBRE,PAPELLIDO,DIRECCION,TELEFONO,CELULAR,INCREMENTOSUELDO) values (9,'Carmen','Alejandra','Garcia','Col.San Juan','2456-7890','90123456',934);
Insert into EMPLEADOS.EMPLEADO (IDEMPLEADO,PNOMBRE,SNOMBRE,PAPELLIDO,DIRECCION,TELEFONO,CELULAR,INCREMENTOSUELDO) values (10,'Juan','Daniel','Sanchez','Col.Pedregal','2312-3456','99876543',983);
REM INSERTING into EMPLEADOS.TIPO
SET DEFINE OFF;
Insert into EMPLEADOS.TIPO (IDTIPODEDUCCION,DESCRIPCION) values (1,'F');
Insert into EMPLEADOS.TIPO (IDTIPODEDUCCION,DESCRIPCION) values (2,'GO');
Insert into EMPLEADOS.TIPO (IDTIPODEDUCCION,DESCRIPCION) values (3,'SV');
Insert into EMPLEADOS.TIPO (IDTIPODEDUCCION,DESCRIPCION) values (4,'V');
Insert into EMPLEADOS.TIPO (IDTIPODEDUCCION,DESCRIPCION) values (5,'Int');
Insert into EMPLEADOS.TIPO (IDTIPODEDUCCION,DESCRIPCION) values (6,'Imp');
Insert into EMPLEADOS.TIPO (IDTIPODEDUCCION,DESCRIPCION) values (7,'GM');
Insert into EMPLEADOS.TIPO (IDTIPODEDUCCION,DESCRIPCION) values (8,'PP');
Insert into EMPLEADOS.TIPO (IDTIPODEDUCCION,DESCRIPCION) values (9,'D');
Insert into EMPLEADOS.TIPO (IDTIPODEDUCCION,DESCRIPCION) values (10,'SS');
